{
  "projectType": [
    "sap.watt.uitools.ide.fiori",
    "com.watt.common.builder.sapui5clientbuild"
  ],
  "generation": [
    {
      "templateId": "ui5template.basicSAPUI5ApplicationProjectCommon",
      "templateVersion": "1.32.0",
      "dateTimeStamp": "Mon, 30 Apr 2018 11:56:46 GMT"
    },
    {
      "templateId": "ui5template.basicSAPUI5ApplicationProject",
      "templateVersion": "1.40.12",
      "dateTimeStamp": "Mon, 30 Apr 2018 11:56:48 GMT"
    }
  ],
  "translation": {
    "translationDomain": "",
    "supportedLanguages": "en,fr,de",
    "defaultLanguage": "en",
    "defaultI18NPropertyFile": "i18n.properties",
    "resourceModelName": "i18n"
  },
  "basevalidator": {
    "services": {
      "xml": "fioriXmlAnalysis",
      "js": "fioriJsValidator"
    }
  },
  "codeCheckingTriggers": {
    "notifyBeforePush": true,
    "notifyBeforePushLevel": "Error",
    "blockPush": false,
    "blockPushLevel": "Error"
  },
  "build": {
    "buildRequired": true,
    "sourceFolder": "webapp",
    "targetFolder": "dist",
    "excludedFolders": [],
    "excludedFiles": [],
    "lastBuildDateTime": "Wed, 16 May 2018 13:30:33 GMT"
  },
  "hcpdeploy": {
    "account": "a18000e3e",
    "name": "spusermanagement",
    "lastVersionWeTriedToDeploy": "1.0.4"
  }
}