{
  "welcomeFile": "/webapp/index.html",
  "routes": [
    {
      "path": "/resources",
      "target": {
        "type": "service",
        "name": "sapui5",
        "entryPath": "/resources"
      },
      "description": "SAPUI5 Resources"
    },
    {
      "path": "/test-resources",
      "target": {
        "type": "service",
        "name": "sapui5",
        "entryPath": "/test-resources"
      },
      "description": "SAPUI5 Test Resources"
    },
   {
      "path": "/GF5",
      "target": {
        "type": "destination",
        "name": "GF5"
      },
      "description": "Gateway Sandbox"
    },
    {
		  "path": "/GF4",
		  "target": {
		    "type": "destination",
		    "name": "GF4"
		  },
		  "description": "S4 HANA 1610 GATEWAY"
		}
  ],
  "sendWelcomeFileRedirect": true
}