<core:FragmentDefinition xmlns="sap.m" xmlns:core="sap.ui.core" xmlns:l="sap.ui.layout">
	
	<Table id="idUsersTable" inset="false" items="{Users>/}" mode="None" delete="onDelete">
		<headerToolbar>
			<Toolbar class="adnoc_toolbar">
				<ToolbarSpacer/>
					<RadioButtonGroup id="idUploadOption" width="100%" columns="2" selectedIndex="-1" select ="onRadioBtnSelected">
				 <buttons>
				<RadioButton  groupName="group0" text="{i18n>massupload}" id="idMassOpt" />
				</buttons>
				<RadioButton groupName="group0" text="{i18n>incremental}" id="idIncOpt" />
				</RadioButtonGroup>
				<Button icon="sap-icon://upload" text="{i18n>import}" type="Emphasized" press="onDataImport" class="adnoc_dualcolor_btn" visible="{View>/massUpload}"/>
				<Button icon="sap-icon://excel-attachment" text="{i18n>exptoexc}" type="Emphasized" press="onDataExport" class="adnoc_dualcolor_btn" visible="{View>/massUpload}"/>
				<Button icon ="sap-icon://add" type="Emphasized" press="onAdd" class="adnoc_dualcolor_btn" visible="{View>/incremental}" ></Button>
				<Button icon ="sap-icon://delete"  type="Emphasized" press="onEdit" visible="{View>/incremental}" ></Button>
				<content/>
			</Toolbar>
		</headerToolbar>
		<columns>
			<Column>
				<Text text="{i18n>userid}"/>
			</Column>
			<Column>
				<Text text="{i18n>role}"/>
			</Column>
			<Column >
				<Text text="{i18n>name}"/>
			</Column>
			<Column >
				<Text text="{i18n>email}"/>
			</Column>
			<Column>
				<Text text="{i18n>directorate}"/>
			</Column>
				<Column>
				<Text text="{i18n>dirTxt}"/>
			</Column>
				<Column>
				<Text text="{i18n>unit}"/>
			</Column>
			<Column>
				<Text text="{i18n>unitTxt}"/>
			</Column>
			<Column>
				<Text text="{i18n>orgUnit}"/>
			</Column>
			<Column visible="{View>/incremental}">
				<Text text="{i18n>editdelete}"  />
			</Column>
		
		</columns>
		<items>
			<ColumnListItem type="Active" class="adnoc_delete_row_icon" >
				<cells>
					<VBox>
					<ObjectNumber number="{Users>Userid}" visible ="{=${Users>Chgind}!=='I' || ${View>/massUpload}}"/>
					<Input value="{Users>Userid}"  visible="{=${Users>Chgind}==='I' &amp;&amp; ${View>/incremental}}"/>
					</VBox>
					<VBox>
					<ObjectNumber number="{Users>Role}" visible ="{=${Users>Chgind}!=='I' || ${View>/massUpload}}"/>
					<Input value="{Users>Role}"  visible="{=${Users>Chgind}==='I' &amp;&amp; ${View>/incremental}}"/>
					</VBox>
					<VBox>
					<ObjectNumber number="{Users>Name}" visible="{=(${Users>Chgind}!=='E' &amp;&amp; ${Users>Chgind}!=='I') || ${View>/massUpload}}"/>
					<Input value="{Users>Name}"  visible="{=(${Users>Chgind}==='E' || ${Users>Chgind}==='I') &amp;&amp; ${View>/incremental}}"/>
					</VBox>
					<VBox>
					<ObjectNumber number="{Users>EmailId}" visible="{=(${Users>Chgind}!=='E' &amp;&amp; ${Users>Chgind}!=='I') || ${View>/massUpload}}"/>
					<Input value="{Users>EmailId}" visible="{=(${Users>Chgind}==='E' || ${Users>Chgind}==='I') &amp;&amp; ${View>/incremental}}"/>
					</VBox>
					<VBox>
					<ObjectNumber number="{Users>Directorate}" visible="{=(${Users>Chgind}!=='E' &amp;&amp; ${Users>Chgind}!=='I') || ${View>/massUpload}}"/>
					<Input value="{Users>Directorate}" visible="{=(${Users>Chgind}==='E' || ${Users>Chgind}==='I') &amp;&amp; ${View>/incremental}}"/>
					</VBox>
					<VBox>
					<ObjectNumber number="{Users>DirectorateTxt}" visible="{=(${Users>Chgind}!=='E' &amp;&amp; ${Users>Chgind}!=='I') || ${View>/massUpload}}"/>
					<Input value="{Users>DirectorateTxt}" visible="{=(${Users>Chgind}==='E' || ${Users>Chgind}==='I') &amp;&amp; ${View>/incremental}}"/>
					</VBox>
					<VBox>
					<ObjectNumber number="{Users>Unit}" visible="{=(${Users>Chgind}!=='E' &amp;&amp; ${Users>Chgind}!=='I') || ${View>/massUpload}}"/>
					<Input value="{Users>Unit}" visible="{=(${Users>Chgind}==='E' || ${Users>Chgind}==='I') &amp;&amp; ${View>/incremental}}"/>
					</VBox>
					<VBox>
					<ObjectNumber number="{Users>UnitTxt}" visible="{=(${Users>Chgind}!=='E' &amp;&amp; ${Users>Chgind}!=='I') || ${View>/massUpload}}"/>
					<Input value="{Users>UnitTxt}" visible="{=(${Users>Chgind}==='E' || ${Users>Chgind}==='I') &amp;&amp; ${View>/incremental}}"/>
					</VBox>
					<VBox>
					<ObjectNumber number="{Users>OrgUnit}" visible="{=(${Users>Chgind}!=='E' &amp;&amp; ${Users>Chgind}!=='I') || ${View>/massUpload}}"/>
					<Input value="{Users>OrgUnit}" visible="{=(${Users>Chgind}==='E' || ${Users>Chgind}==='I') &amp;&amp; ${View>/incremental}}"/>
					</VBox>
				<!--	<Text text="{Users>PhoneNo}"/>-->
						<RadioButtonGroup width="100%" columns="2" selectedIndex= "-1" select ="onUpdateOptionSelected" enabled="{=${Users>Chgind}!=='I'}">
							<buttons>
					<RadioButton groupName="group1" text ="{i18n>edit}" selected ="{=${Users>Chgind}==='E'}" id="idEditOpt"></RadioButton>
					<RadioButton groupName="group1" text="{i18n>delete}" selected ="{=${Users>Chgind}==='D'}" id="idDeleteOpt"></RadioButton>
					</buttons>
					</RadioButtonGroup>
				</cells>
			</ColumnListItem>
		</items>
	</Table>
</core:FragmentDefinition>